message,genre,platform,mood
Best casual Sandbox game for Switch?,Sandbox,Switch,casual
Can you recommend a competitive Racing game for Xbox?,Racing,Xbox,competitive
Find me a exciting Shooter adventure for Xbox,Shooter,Xbox,exciting
Looking for a immersive RPG title on Switch,RPG,Switch,immersive
I want a exciting Platformer game on Xbox,Platformer,Xbox,exciting
Looking for a immersive Adventure title on Mobile,Adventure,Mobile,immersive
Need a spooky Horror on Mobile,Horror,Mobile,spooky
Best exciting Platformer game for Xbox?,Platformer,Xbox,exciting
Best relaxing Simulation game for Switch?,Simulation,Switch,relaxing
Find me a hardcore Action adventure for PC,Action,PC,hardcore
Best immersive Adventure game for Mobile?,Adventure,Mobile,immersive
I'd love a casual Puzzle for PlayStation,Puzzle,PlayStation,casual
I'd love a exciting Adventure for Switch,Adventure,Switch,exciting
Any hardcore RPG games available for PlayStation?,RPG,PlayStation,hardcore
Need a exciting Racing on Switch,Racing,Switch,exciting
Can you recommend a competitive Fighting game for PlayStation?,Fighting,PlayStation,competitive
Suggest a hardcore RPG experience for Xbox,RPG,Xbox,hardcore
Suggest a cozy Platformer experience for PC,Platformer,PC,cozy
Find me a competitive Shooter adventure for Xbox,Shooter,Xbox,competitive
Best spooky Horror game for PC?,Horror,PC,spooky
Searching for a hardcore RPG journey on Switch,RPG,Switch,hardcore
Looking for a hardcore RPG title on Xbox,RPG,Xbox,hardcore
I want a cozy Platformer game on PlayStation,Platformer,PlayStation,cozy
Suggest a casual Puzzle experience for Switch,Puzzle,Switch,casual
Suggest a exciting RPG experience for PC,RPG,PC,exciting
Need a casual Puzzle on PC,Puzzle,PC,casual
Looking for a intense Strategy title on PlayStation,Strategy,PlayStation,intense
Searching for a competitive Fighting journey on Mobile,Fighting,Mobile,competitive
Need a spooky Horror on PC,Horror,PC,spooky
Need a intense Shooter on Mobile,Shooter,Mobile,intense
I want a competitive Racing game on PC,Racing,PC,competitive
Can you recommend a intense Fighting game for Mobile?,Fighting,Mobile,intense
I'd love a immersive RPG for PC,RPG,PC,immersive
Need a relaxing Sandbox on PlayStation,Sandbox,PlayStation,relaxing
Any exciting Platformer games available for PlayStation?,Platformer,PlayStation,exciting
Can you recommend a competitive Fighting game for PC?,Fighting,PC,competitive
Need a exciting Shooter on Switch,Shooter,Switch,exciting
I'd love a hardcore Action for PC,Action,PC,hardcore
Searching for a exciting Racing journey on PC,Racing,PC,exciting
Best exciting Adventure game for Switch?,Adventure,Switch,exciting
Suggest a relaxing Sandbox experience for Mobile,Sandbox,Mobile,relaxing
Can you recommend a competitive Fighting game for Mobile?,Fighting,Mobile,competitive
Any competitive Racing games available for PlayStation?,Racing,PlayStation,competitive
Can you recommend a competitive Racing game for PlayStation?,Racing,PlayStation,competitive
Looking for a casual Puzzle title on Switch,Puzzle,Switch,casual
Suggest a exciting Racing experience for Switch,Racing,Switch,exciting
Best hardcore Strategy game for Mobile?,Strategy,Mobile,hardcore
Looking for a intense Fighting title on PC,Fighting,PC,intense
Need a cozy Platformer on Switch,Platformer,Switch,cozy
I'd love a exciting Action for Mobile,Action,Mobile,exciting
Suggest a casual Platformer experience for Switch,Platformer,Switch,casual
I'd love a exciting RPG for Xbox,RPG,Xbox,exciting
Need a cozy Platformer on PlayStation,Platformer,PlayStation,cozy
Looking for a competitive Fighting title on Xbox,Fighting,Xbox,competitive
Best exciting RPG game for Switch?,RPG,Switch,exciting
Looking for a exciting Adventure title on Switch,Adventure,Switch,exciting
Searching for a hardcore Action journey on PlayStation,Action,PlayStation,hardcore
Best exciting Adventure game for Switch?,Adventure,Switch,exciting
Searching for a intense Strategy journey on Mobile,Strategy,Mobile,intense
Searching for a hardcore Action journey on Switch,Action,Switch,hardcore
I'd love a competitive Shooter for Switch,Shooter,Switch,competitive
Looking for a competitive Racing title on PC,Racing,PC,competitive
Looking for a wholesome Sandbox title on Xbox,Sandbox,Xbox,wholesome
Find me a intense Shooter adventure for Switch,Shooter,Switch,intense
I want a exciting RPG game on PlayStation,RPG,PlayStation,exciting
Find me a immersive Adventure adventure for PlayStation,Adventure,PlayStation,immersive
I want a relaxing Puzzle game on Xbox,Puzzle,Xbox,relaxing
Looking for a hardcore RPG title on Xbox,RPG,Xbox,hardcore
Best intense Strategy game for Switch?,Strategy,Switch,intense
Best relaxing Simulation game for Switch?,Simulation,Switch,relaxing
Find me a relaxing Simulation adventure for Switch,Simulation,Switch,relaxing
Searching for a wholesome Sandbox journey on Mobile,Sandbox,Mobile,wholesome
I want a exciting RPG game on Xbox,RPG,Xbox,exciting
Any intense Shooter games available for PC?,Shooter,PC,intense
Looking for a intense Strategy title on Switch,Strategy,Switch,intense
Find me a relaxing Sandbox adventure for PC,Sandbox,PC,relaxing
Can you recommend a immersive RPG game for PC?,RPG,PC,immersive
Looking for a intense Horror title on PC,Horror,PC,intense
Best hardcore Strategy game for Xbox?,Strategy,Xbox,hardcore
Suggest a relaxing Simulation experience for PC,Simulation,PC,relaxing
I want a spooky Horror game on PC,Horror,PC,spooky
Suggest a relaxing Sandbox experience for Xbox,Sandbox,Xbox,relaxing
Find me a intense Action adventure for PlayStation,Action,PlayStation,intense
Need a exciting Adventure on Xbox,Adventure,Xbox,exciting
Searching for a wholesome Sandbox journey on Mobile,Sandbox,Mobile,wholesome
Best hardcore RPG game for Switch?,RPG,Switch,hardcore
Find me a exciting Action adventure for PlayStation,Action,PlayStation,exciting
Any competitive Strategy games available for Mobile?,Strategy,Mobile,competitive
Need a competitive Fighting on Switch,Fighting,Switch,competitive
Best relaxing Simulation game for Mobile?,Simulation,Mobile,relaxing
Any exciting Platformer games available for PC?,Platformer,PC,exciting
Need a intense Horror on PC,Horror,PC,intense
Looking for a relaxing Puzzle title on PlayStation,Puzzle,PlayStation,relaxing
Find me a competitive Shooter adventure for PC,Shooter,PC,competitive
Best exciting RPG game for Switch?,RPG,Switch,exciting
Suggest a exciting Platformer experience for Mobile,Platformer,Mobile,exciting
Looking for a cozy Platformer title on PlayStation,Platformer,PlayStation,cozy
Can you recommend a relaxing Simulation game for PlayStation?,Simulation,PlayStation,relaxing
Best relaxing Puzzle game for Mobile?,Puzzle,Mobile,relaxing
I'd love a cozy Simulation for Xbox,Simulation,Xbox,cozy
Find me a intense Action adventure for PlayStation,Action,PlayStation,intense
Suggest a competitive Racing experience for Switch,Racing,Switch,competitive
I'd love a intense Fighting for Xbox,Fighting,Xbox,intense
Any exciting Shooter games available for Switch?,Shooter,Switch,exciting
Any wholesome Sandbox games available for PC?,Sandbox,PC,wholesome
Searching for a casual Platformer journey on Xbox,Platformer,Xbox,casual
I want a exciting Platformer game on Switch,Platformer,Switch,exciting
Any hardcore Strategy games available for PlayStation?,Strategy,PlayStation,hardcore
Looking for a exciting Racing title on PC,Racing,PC,exciting
Find me a exciting Action adventure for Mobile,Action,Mobile,exciting
Best casual Sandbox game for PlayStation?,Sandbox,PlayStation,casual
Searching for a casual Sandbox journey on Switch,Sandbox,Switch,casual
Any immersive Adventure games available for Mobile?,Adventure,Mobile,immersive
Find me a wholesome Simulation adventure for PC,Simulation,PC,wholesome
Best immersive Adventure game for Xbox?,Adventure,Xbox,immersive
Searching for a hardcore RPG journey on Xbox,RPG,Xbox,hardcore
Can you recommend a exciting Shooter game for Mobile?,Shooter,Mobile,exciting
Can you recommend a hardcore Action game for PlayStation?,Action,PlayStation,hardcore
Best hardcore RPG game for PlayStation?,RPG,PlayStation,hardcore
Suggest a competitive Fighting experience for PlayStation,Fighting,PlayStation,competitive
Looking for a wholesome Sandbox title on Mobile,Sandbox,Mobile,wholesome
I'd love a hardcore Strategy for Xbox,Strategy,Xbox,hardcore
Any intense Action games available for Xbox?,Action,Xbox,intense
Looking for a intense Horror title on PlayStation,Horror,PlayStation,intense
Suggest a hardcore Strategy experience for PC,Strategy,PC,hardcore
Find me a exciting RPG adventure for PlayStation,RPG,PlayStation,exciting
I'd love a intense Fighting for Xbox,Fighting,Xbox,intense
Looking for a casual Sandbox title on Xbox,Sandbox,Xbox,casual
Looking for a relaxing Sandbox title on Mobile,Sandbox,Mobile,relaxing
Best hardcore Action game for PlayStation?,Action,PlayStation,hardcore
Need a spooky Horror on Switch,Horror,Switch,spooky
Can you recommend a casual Platformer game for Mobile?,Platformer,Mobile,casual
Looking for a casual Platformer title on PC,Platformer,PC,casual
Can you recommend a casual Puzzle game for PC?,Puzzle,PC,casual
Looking for a intense Strategy title on Switch,Strategy,Switch,intense
Find me a exciting Shooter adventure for Mobile,Shooter,Mobile,exciting
Can you recommend a exciting Adventure game for Mobile?,Adventure,Mobile,exciting
Need a exciting Racing on Switch,Racing,Switch,exciting
Best immersive RPG game for Xbox?,RPG,Xbox,immersive
Suggest a relaxing Simulation experience for Switch,Simulation,Switch,relaxing
I'd love a exciting RPG for PC,RPG,PC,exciting
Any competitive Racing games available for PC?,Racing,PC,competitive
I want a relaxing Puzzle game on Xbox,Puzzle,Xbox,relaxing
Find me a exciting Racing adventure for Mobile,Racing,Mobile,exciting
Find me a intense Shooter adventure for Xbox,Shooter,Xbox,intense
I'd love a intense Fighting for Mobile,Fighting,Mobile,intense
Need a cozy Platformer on Mobile,Platformer,Mobile,cozy
Find me a competitive Racing adventure for Switch,Racing,Switch,competitive
Any relaxing Puzzle games available for PlayStation?,Puzzle,PlayStation,relaxing
Need a intense Action on Xbox,Action,Xbox,intense
Searching for a exciting RPG journey on Mobile,RPG,Mobile,exciting
Need a exciting Adventure on PlayStation,Adventure,PlayStation,exciting
Searching for a hardcore Strategy journey on PlayStation,Strategy,PlayStation,hardcore
Any exciting Adventure games available for PC?,Adventure,PC,exciting
Best exciting RPG game for PC?,RPG,PC,exciting
Searching for a immersive Adventure journey on Mobile,Adventure,Mobile,immersive
Searching for a intense Shooter journey on Xbox,Shooter,Xbox,intense
Suggest a wholesome Simulation experience for Mobile,Simulation,Mobile,wholesome
Searching for a competitive Racing journey on Mobile,Racing,Mobile,competitive
Find me a wholesome Simulation adventure for Mobile,Simulation,Mobile,wholesome
Any intense Action games available for PC?,Action,PC,intense
Best relaxing Sandbox game for PlayStation?,Sandbox,PlayStation,relaxing
Looking for a intense Shooter title on PlayStation,Shooter,PlayStation,intense
Looking for a exciting Adventure title on Mobile,Adventure,Mobile,exciting
Best competitive Fighting game for Mobile?,Fighting,Mobile,competitive
Need a exciting Adventure on PlayStation,Adventure,PlayStation,exciting
Searching for a relaxing Simulation journey on Mobile,Simulation,Mobile,relaxing
Looking for a competitive Strategy title on Switch,Strategy,Switch,competitive
Suggest a competitive Fighting experience for PlayStation,Fighting,PlayStation,competitive
Looking for a competitive Fighting title on Mobile,Fighting,Mobile,competitive
Suggest a competitive Shooter experience for PlayStation,Shooter,PlayStation,competitive
I'd love a competitive Shooter for PC,Shooter,PC,competitive
I'd love a hardcore Action for Switch,Action,Switch,hardcore
Any hardcore Strategy games available for PC?,Strategy,PC,hardcore
Best cozy Platformer game for Switch?,Platformer,Switch,cozy
Any wholesome Sandbox games available for Switch?,Sandbox,Switch,wholesome
Find me a exciting Racing adventure for Xbox,Racing,Xbox,exciting
Need a cozy Simulation on PlayStation,Simulation,PlayStation,cozy
Find me a casual Puzzle adventure for PC,Puzzle,PC,casual
I'd love a relaxing Puzzle for Mobile,Puzzle,Mobile,relaxing
Looking for a hardcore RPG title on Mobile,RPG,Mobile,hardcore
Best relaxing Puzzle game for Switch?,Puzzle,Switch,relaxing
I want a hardcore Action game on Mobile,Action,Mobile,hardcore
Searching for a intense Horror journey on Mobile,Horror,Mobile,intense
Suggest a competitive Shooter experience for Mobile,Shooter,Mobile,competitive
Suggest a spooky Horror experience for Switch,Horror,Switch,spooky
Can you recommend a intense Horror game for Switch?,Horror,Switch,intense
Searching for a intense Horror journey on Xbox,Horror,Xbox,intense
Can you recommend a casual Sandbox game for Mobile?,Sandbox,Mobile,casual
Searching for a intense Fighting journey on PlayStation,Fighting,PlayStation,intense
Looking for a wholesome Sandbox title on Mobile,Sandbox,Mobile,wholesome
I'd love a immersive Adventure for PC,Adventure,PC,immersive
I want a intense Fighting game on Mobile,Fighting,Mobile,intense
Can you recommend a exciting Adventure game for Xbox?,Adventure,Xbox,exciting
Need a relaxing Puzzle on Xbox,Puzzle,Xbox,relaxing
Searching for a casual Puzzle journey on Switch,Puzzle,Switch,casual
Best exciting Adventure game for PlayStation?,Adventure,PlayStation,exciting
Suggest a relaxing Sandbox experience for PC,Sandbox,PC,relaxing
Can you recommend a intense Horror game for Mobile?,Horror,Mobile,intense
I want a intense Horror game on Switch,Horror,Switch,intense
Need a intense Fighting on Switch,Fighting,Switch,intense
Looking for a relaxing Sandbox title on Mobile,Sandbox,Mobile,relaxing
Can you recommend a immersive RPG game for Xbox?,RPG,Xbox,immersive
Any immersive Adventure games available for PC?,Adventure,PC,immersive
I'd love a immersive Adventure for PC,Adventure,PC,immersive
Need a hardcore Action on Switch,Action,Switch,hardcore
Suggest a casual Sandbox experience for PC,Sandbox,PC,casual
Best intense Fighting game for Switch?,Fighting,Switch,intense
Searching for a exciting Shooter journey on Xbox,Shooter,Xbox,exciting
Find me a hardcore Action adventure for PC,Action,PC,hardcore
Need a cozy Platformer on Mobile,Platformer,Mobile,cozy
Find me a exciting Action adventure for Mobile,Action,Mobile,exciting
Looking for a immersive Adventure title on Xbox,Adventure,Xbox,immersive
Best casual Sandbox game for Xbox?,Sandbox,Xbox,casual
I'd love a exciting Racing for PlayStation,Racing,PlayStation,exciting
Need a exciting RPG on Switch,RPG,Switch,exciting
I'd love a relaxing Puzzle for Mobile,Puzzle,Mobile,relaxing
I'd love a casual Puzzle for PlayStation,Puzzle,PlayStation,casual
Suggest a hardcore RPG experience for Switch,RPG,Switch,hardcore
Any hardcore Action games available for PC?,Action,PC,hardcore
Need a intense Action on Mobile,Action,Mobile,intense
Find me a cozy Platformer adventure for PlayStation,Platformer,PlayStation,cozy
I'd love a competitive Strategy for PC,Strategy,PC,competitive
Can you recommend a exciting Action game for PC?,Action,PC,exciting
Best relaxing Simulation game for Switch?,Simulation,Switch,relaxing
Looking for a competitive Fighting title on Mobile,Fighting,Mobile,competitive
I'd love a intense Shooter for PC,Shooter,PC,intense
I'd love a casual Sandbox for PC,Sandbox,PC,casual
Searching for a competitive Racing journey on Xbox,Racing,Xbox,competitive
Looking for a wholesome Sandbox title on Mobile,Sandbox,Mobile,wholesome
I'd love a relaxing Simulation for Xbox,Simulation,Xbox,relaxing
Can you recommend a relaxing Puzzle game for Xbox?,Puzzle,Xbox,relaxing
Looking for a exciting Platformer title on PC,Platformer,PC,exciting
Looking for a hardcore Action title on PC,Action,PC,hardcore
I want a spooky Horror game on Xbox,Horror,Xbox,spooky
I want a immersive RPG game on Xbox,RPG,Xbox,immersive
Can you recommend a competitive Fighting game for Switch?,Fighting,Switch,competitive
Any wholesome Sandbox games available for Xbox?,Sandbox,Xbox,wholesome
Any competitive Racing games available for PlayStation?,Racing,PlayStation,competitive
Can you recommend a exciting Adventure game for Switch?,Adventure,Switch,exciting
Can you recommend a competitive Racing game for Xbox?,Racing,Xbox,competitive
I want a casual Puzzle game on PC,Puzzle,PC,casual
Searching for a competitive Racing journey on Switch,Racing,Switch,competitive
Any exciting RPG games available for PlayStation?,RPG,PlayStation,exciting
Need a exciting Adventure on Switch,Adventure,Switch,exciting
Find me a hardcore Action adventure for PlayStation,Action,PlayStation,hardcore
Need a competitive Fighting on PC,Fighting,PC,competitive
Looking for a intense Fighting title on Xbox,Fighting,Xbox,intense
Searching for a spooky Horror journey on PC,Horror,PC,spooky
I'd love a intense Fighting for PC,Fighting,PC,intense
Any exciting Racing games available for PC?,Racing,PC,exciting
I'd love a competitive Racing for Xbox,Racing,Xbox,competitive
Find me a competitive Strategy adventure for PlayStation,Strategy,PlayStation,competitive
Looking for a immersive Adventure title on PC,Adventure,PC,immersive
Any intense Shooter games available for PC?,Shooter,PC,intense
Find me a hardcore RPG adventure for Xbox,RPG,Xbox,hardcore
Any casual Puzzle games available for PlayStation?,Puzzle,PlayStation,casual
Any intense Horror games available for PC?,Horror,PC,intense
Find me a intense Shooter adventure for Xbox,Shooter,Xbox,intense
Suggest a exciting Adventure experience for PlayStation,Adventure,PlayStation,exciting
Can you recommend a exciting RPG game for Switch?,RPG,Switch,exciting
Can you recommend a wholesome Sandbox game for PlayStation?,Sandbox,PlayStation,wholesome
Need a intense Strategy on Xbox,Strategy,Xbox,intense
Can you recommend a intense Horror game for PC?,Horror,PC,intense
Any casual Puzzle games available for Xbox?,Puzzle,Xbox,casual
Suggest a competitive Fighting experience for Xbox,Fighting,Xbox,competitive
Can you recommend a exciting Action game for Switch?,Action,Switch,exciting
Find me a exciting Racing adventure for PlayStation,Racing,PlayStation,exciting
Looking for a relaxing Puzzle title on Xbox,Puzzle,Xbox,relaxing
Find me a casual Puzzle adventure for Xbox,Puzzle,Xbox,casual
Searching for a exciting Action journey on PC,Action,PC,exciting
Suggest a relaxing Puzzle experience for Xbox,Puzzle,Xbox,relaxing
Searching for a casual Puzzle journey on PlayStation,Puzzle,PlayStation,casual
Any immersive Adventure games available for Switch?,Adventure,Switch,immersive
Best exciting Racing game for Mobile?,Racing,Mobile,exciting
Searching for a exciting Adventure journey on Xbox,Adventure,Xbox,exciting
Can you recommend a immersive RPG game for Switch?,RPG,Switch,immersive
Can you recommend a competitive Racing game for Mobile?,Racing,Mobile,competitive
Best intense Fighting game for PC?,Fighting,PC,intense
Suggest a competitive Shooter experience for Mobile,Shooter,Mobile,competitive
Suggest a immersive Adventure experience for Switch,Adventure,Switch,immersive
I want a spooky Horror game on PC,Horror,PC,spooky
I'd love a exciting Shooter for Switch,Shooter,Switch,exciting
Best hardcore Strategy game for PlayStation?,Strategy,PlayStation,hardcore
I'd love a cozy Platformer for PlayStation,Platformer,PlayStation,cozy
Searching for a intense Horror journey on Switch,Horror,Switch,intense
Best exciting Shooter game for Switch?,Shooter,Switch,exciting
Best spooky Horror game for PlayStation?,Horror,PlayStation,spooky
Any intense Horror games available for Switch?,Horror,Switch,intense
Find me a intense Horror adventure for PC,Horror,PC,intense
I'd love a relaxing Simulation for PC,Simulation,PC,relaxing
Best spooky Horror game for Switch?,Horror,Switch,spooky
Find me a cozy Simulation adventure for PC,Simulation,PC,cozy
I want a cozy Simulation game on PlayStation,Simulation,PlayStation,cozy
I'd love a hardcore Action for Xbox,Action,Xbox,hardcore
Any exciting Action games available for PlayStation?,Action,PlayStation,exciting
Any competitive Racing games available for Switch?,Racing,Switch,competitive
Searching for a casual Puzzle journey on PC,Puzzle,PC,casual
Looking for a hardcore Action title on Mobile,Action,Mobile,hardcore
Suggest a competitive Fighting experience for PC,Fighting,PC,competitive
